{"stats":{"minecraft:killed":{"minecraft:iron_golem":1,"minecraft:horse":19,"minecraft:villager":2},"minecraft:dropped":{"minecraft:heavy_weighted_pressure_plate":1,"minecraft:paper":3},"minecraft:used":{"minecraft:oak_fence":387,"minecraft:cooked_mutton":3,"minecraft:water_bucket":1,"minecraft:netherite_sword":89,"minecraft:red_sand":2,"minecraft:iron_bars":35,"minecraft:prismarine_brick_slab":290,"minecraft:smooth_quartz_slab":69,"minecraft:polished_blackstone":281,"minecraft:redstone":142,"minecraft:polished_andesite":60,"minecraft:baked_potato":1,"minecraft:lime_wool":10,"minecraft:oak_planks":173,"minecraft:blue_wool":16,"minecraft:polished_diorite_slab":2,"minecraft:iron_sword":1,"minecraft:redstone_block":510,"minecraft:cauldron":1,"minecraft:glow_ink_sac":2,"minecraft:polished_blackstone_wall":150,"minecraft:horse_spawn_egg":2,"minecraft:smooth_quartz_stairs":251,"minecraft:oak_door":12,"minecraft:debug_stick":23,"minecraft:white_wool":25,"minecraft:dark_oak_trapdoor":57,"minecraft:diamond_block":1,"minecraft:dirt":17,"minecraft:oak_slab":10,"minecraft:prismarine_brick_stairs":222,"minecraft:spruce_stairs":16,"minecraft:birch_sign":121,"minecraft:orange_wool":25,"minecraft:cyan_wool":1,"minecraft:spruce_log":9,"minecraft:polished_deepslate_stairs":2,"minecraft:polished_blackstone_slab":5,"minecraft:glass":46,"minecraft:black_wool":40,"minecraft:black_concrete":42,"minecraft:lever":13,"minecraft:yellow_dye":1,"minecraft:light":37,"minecraft:honeycomb":9,"minecraft:quartz_pillar":428,"minecraft:command_block":170,"minecraft:red_wool":16,"minecraft:heavy_weighted_pressure_plate":19,"minecraft:iron_block":87,"minecraft:grass_block":39,"minecraft:oak_stairs":1,"minecraft:brown_wool":4,"minecraft:barrier":12,"minecraft:stone_button":13,"minecraft:green_wool":5,"minecraft:smooth_quartz":1465,"minecraft:pink_wool":16,"minecraft:yellow_wool":16,"minecraft:light_gray_wool":1,"minecraft:tripwire_hook":1,"minecraft:repeater":62,"minecraft:redstone_lamp":3,"minecraft:lime_concrete":66,"minecraft:black_stained_glass":136,"minecraft:iron_trapdoor":6,"minecraft:furnace":2,"minecraft:chain_command_block":871,"minecraft:repeating_command_block":102,"minecraft:cooked_beef":4,"minecraft:white_concrete":97,"minecraft:red_dye":2,"minecraft:gray_wool":45,"minecraft:polished_blackstone_stairs":2,"minecraft:splash_potion":2},"minecraft:picked_up":{"minecraft:leather":46,"minecraft:heavy_weighted_pressure_plate":1,"minecraft:paper":1,"minecraft:iron_ingot":4,"minecraft:poppy":1,"minecraft:oak_door":1,"minecraft:dandelion":1,"minecraft:torch":1,"minecraft:stone_button":3,"minecraft:white_bed":1,"minecraft:redstone":3,"minecraft:lever":1,"minecraft:birch_sign":2,"minecraft:saddle":1},"minecraft:custom":{"minecraft:mob_kills":22,"minecraft:fill_cauldron":1,"minecraft:leave_game":12,"minecraft:time_since_death":480357,"minecraft:time_since_rest":480378,"minecraft:walk_one_cm":713771,"minecraft:sprint_one_cm":573258,"minecraft:damage_taken":90,"minecraft:drop":4,"minecraft:damage_dealt":11450,"minecraft:fly_one_cm":9941811,"minecraft:crouch_one_cm":48254,"minecraft:play_time":729154,"minecraft:deaths":4,"minecraft:sneak_time":28314,"minecraft:jump":2828,"minecraft:total_world_time":884509,"minecraft:fall_one_cm":19167,"minecraft:horse_one_cm":12468}},"DataVersion":3700}