{"stats":{"minecraft:custom":{"minecraft:time_since_rest":79018,"minecraft:damage_taken":10,"minecraft:sprint_one_cm":341564,"minecraft:walk_one_cm":379433,"minecraft:mob_kills":21,"minecraft:damage_dealt":10450,"minecraft:fly_one_cm":3680021,"minecraft:fill_cauldron":1,"minecraft:crouch_one_cm":35344,"minecraft:play_time":327794,"minecraft:deaths":4,"minecraft:sneak_time":10657,"minecraft:jump":805,"minecraft:leave_game":6,"minecraft:time_since_death":78997,"minecraft:total_world_time":393301,"minecraft:fall_one_cm":1502,"minecraft:horse_one_cm":7240},"minecraft:killed":{"minecraft:horse":19,"minecraft:villager":2},"minecraft:picked_up":{"minecraft:oak_door":1,"minecraft:leather":46,"minecraft:torch":1,"minecraft:dandelion":1,"minecraft:stone_button":3,"minecraft:white_bed":1,"minecraft:redstone":1,"minecraft:lever":1,"minecraft:birch_sign":1,"minecraft:saddle":1},"minecraft:used":{"minecraft:polished_blackstone_slab":5,"minecraft:oak_fence":360,"minecraft:glass":44,"minecraft:lever":9,"minecraft:water_bucket":1,"minecraft:honeycomb":7,"minecraft:netherite_sword":89,"minecraft:light":37,"minecraft:black_wool":28,"minecraft:iron_bars":32,"minecraft:baked_potato":1,"minecraft:oak_stairs":1,"minecraft:command_block":60,"minecraft:quartz_pillar":428,"minecraft:prismarine_brick_slab":290,"minecraft:heavy_weighted_pressure_plate":9,"minecraft:red_wool":5,"minecraft:smooth_quartz_slab":67,"minecraft:iron_block":31,"minecraft:grass_block":6,"minecraft:redstone":57,"minecraft:polished_blackstone":144,"minecraft:polished_andesite":60,"minecraft:barrier":8,"minecraft:oak_planks":173,"minecraft:stone_button":13,"minecraft:green_wool":5,"minecraft:blue_wool":5,"minecraft:redstone_block":107,"minecraft:smooth_quartz":1296,"minecraft:cauldron":1,"minecraft:glow_ink_sac":1,"minecraft:pink_wool":5,"minecraft:polished_blackstone_wall":150,"minecraft:horse_spawn_egg":2,"minecraft:yellow_wool":5,"minecraft:oak_door":12,"minecraft:smooth_quartz_stairs":227,"minecraft:debug_stick":17,"minecraft:white_wool":11,"minecraft:tripwire_hook":1,"minecraft:diamond_block":1,"minecraft:dark_oak_trapdoor":33,"minecraft:repeater":25,"minecraft:dirt":4,"minecraft:oak_slab":10,"minecraft:furnace":2,"minecraft:spruce_stairs":16,"minecraft:prismarine_brick_stairs":222,"minecraft:birch_sign":52,"minecraft:chain_command_block":338,"minecraft:orange_wool":5,"minecraft:repeating_command_block":59,"minecraft:cooked_beef":1,"minecraft:white_concrete":4,"minecraft:red_dye":1,"minecraft:spruce_log":9,"minecraft:splash_potion":1,"minecraft:polished_blackstone_stairs":2}},"DataVersion":3700}