{"stats":{"minecraft:custom":{"minecraft:mob_kills":43,"minecraft:fill_cauldron":1,"minecraft:eat_cake_slice":7,"minecraft:leave_game":20,"minecraft:time_since_death":224251,"minecraft:damage_resisted":218,"minecraft:time_since_rest":224272,"minecraft:damage_absorbed":608,"minecraft:damage_taken":710,"minecraft:sprint_one_cm":730404,"minecraft:walk_one_cm":868763,"minecraft:drop":95,"minecraft:damage_dealt":21350,"minecraft:fly_one_cm":15423277,"minecraft:crouch_one_cm":52913,"minecraft:play_time":1005970,"minecraft:deaths":5,"minecraft:sneak_time":41540,"minecraft:aviate_one_cm":167439,"minecraft:jump":3958,"minecraft:total_world_time":1190495,"minecraft:fall_one_cm":33815,"minecraft:horse_one_cm":12468},"minecraft:picked_up":{"minecraft:suspicious_stew":11,"minecraft:leather":46,"minecraft:heavy_weighted_pressure_plate":1,"minecraft:paper":40,"minecraft:iron_ingot":4,"minecraft:poppy":1,"minecraft:oak_door":1,"minecraft:dandelion":1,"minecraft:bowl":5,"minecraft:torch":1,"minecraft:stone_button":3,"minecraft:white_bed":1,"minecraft:redstone":3,"minecraft:lever":1,"minecraft:birch_sign":2,"minecraft:saddle":1},"minecraft:killed":{"minecraft:iron_golem":1,"minecraft:horse":40,"minecraft:villager":2},"minecraft:dropped":{"minecraft:bowl":5,"minecraft:suspicious_stew":11,"minecraft:heavy_weighted_pressure_plate":1,"minecraft:paper":81},"minecraft:used":{"minecraft:oak_fence":387,"minecraft:cooked_mutton":3,"minecraft:water_bucket":1,"minecraft:netherite_sword":89,"minecraft:iron_bars":35,"minecraft:red_sand":2,"minecraft:prismarine_brick_slab":290,"minecraft:smooth_quartz_slab":69,"minecraft:redstone":230,"minecraft:polished_blackstone":355,"minecraft:polished_andesite":60,"minecraft:baked_potato":1,"minecraft:lime_wool":12,"minecraft:oak_planks":173,"minecraft:blue_wool":18,"minecraft:polished_diorite_slab":2,"minecraft:ender_pearl":7,"minecraft:iron_sword":22,"minecraft:redstone_block":566,"minecraft:cauldron":1,"minecraft:glow_ink_sac":2,"minecraft:polished_blackstone_wall":150,"minecraft:horse_spawn_egg":2,"minecraft:smooth_quartz_stairs":451,"minecraft:oak_door":12,"minecraft:debug_stick":23,"minecraft:white_wool":28,"minecraft:dark_oak_trapdoor":57,"minecraft:diamond_block":1,"minecraft:dirt":31,"minecraft:oak_slab":10,"minecraft:light_blue_wool":2,"minecraft:birch_sign":138,"minecraft:spruce_stairs":16,"minecraft:prismarine_brick_stairs":222,"minecraft:stone_stairs":15,"minecraft:orange_wool":27,"minecraft:cyan_wool":1,"minecraft:cake":1,"minecraft:spruce_log":9,"minecraft:milk_bucket":1,"minecraft:polished_deepslate_stairs":2,"minecraft:polished_blackstone_slab":5,"minecraft:black_wool":62,"minecraft:glass":46,"minecraft:black_concrete":51,"minecraft:lever":13,"minecraft:yellow_dye":1,"minecraft:light":51,"minecraft:honeycomb":9,"minecraft:firework_rocket":16,"minecraft:bricks":23,"minecraft:quartz_pillar":428,"minecraft:command_block":227,"minecraft:red_wool":18,"minecraft:heavy_weighted_pressure_plate":19,"minecraft:iron_block":103,"minecraft:grass_block":41,"minecraft:oak_stairs":1,"minecraft:brown_wool":4,"minecraft:barrier":28,"minecraft:stone_button":13,"minecraft:suspicious_stew":34,"minecraft:green_wool":5,"minecraft:smooth_quartz":2676,"minecraft:pink_wool":18,"minecraft:stone_bricks":75,"minecraft:yellow_wool":18,"minecraft:light_gray_wool":1,"minecraft:tripwire_hook":1,"minecraft:repeater":135,"minecraft:redstone_lamp":3,"minecraft:golden_carrot":1,"minecraft:lime_concrete":75,"minecraft:potion":1,"minecraft:black_stained_glass":170,"minecraft:iron_trapdoor":6,"minecraft:furnace":2,"minecraft:chain_command_block":1227,"minecraft:repeating_command_block":109,"minecraft:cooked_beef":8,"minecraft:white_concrete":97,"minecraft:red_dye":2,"minecraft:gray_wool":59,"minecraft:enchanted_golden_apple":7,"minecraft:splash_potion":94,"minecraft:polished_blackstone_stairs":34}},"DataVersion":3700}